country,region,population,yearly_change,net_change,density,land_area,net_migrants,fertility_rate,median_age,population_urban,world_share,long_term_avg_growth,initial_pop_1950,final_pop_2023,long_term_growth_multiple
Afghanistan,Asia,42239854,2.7,1111083,65,652860,-65846,4.4,17.0,26.0,0.53,2.4576476472867523,7480461.0,42239854.0,5.646691293491137
Albania,Europe,2832439,-0.35,-9882,103,27400,-8000,1.4,38.0,67.0,0.04,1.1366501285189916,1252582.0,2832439.0,2.2612802994135315
Algeria,Africa,45606480,1.57,703255,19,2381740,-9999,2.8,28.0,75.0,0.57,2.247235952160108,9019866.0,45606480.0,5.056225890717224
American Samoa,Oceania,43914,-0.81,-359,220,200,-790,2.2,29.0,50.47368421052632,0.0,1.1703213318413321,19032.0,43914.0,2.307377049180328
Andorra,Europe,80088,0.33,264,170,470,200,1.1,43.0,85.0,0.0,3.6749426485845853,6005.0,80088.0,13.336885928393006
Angola,Africa,36684202,3.08,1095215,29,1246700,-1000,5.1,16.0,68.0,0.46,2.9270975024945995,4478184.0,36684202.0,8.191758534262997
Anguilla,Latin America,15899,0.26,42,177,90,0,1.3,38.0,98.0,0.0,1.5995126868551597,5017.0,15899.0,3.169025313932629
Antigua and Barbuda,Latin America,94298,0.57,535,214,440,0,1.6,36.0,28.0,0.0,1.0086315955569276,45435.0,94298.0,2.075448442830417
Argentina,Latin America,45773884,0.58,263566,17,2736690,3718,1.9,32.0,94.0,0.57,1.3652626593734736,17017742.0,45773884.0,2.689774236793577
Armenia,Asia,2777970,-0.09,-2499,98,28470,-5000,1.6,35.0,67.0,0.03,0.9734533653142516,1385041.0,2777970.0,2.005695138266665
Aruba,Latin America,106277,-0.16,-168,590,180,157,1.2,42.0,45.0,0.0,1.3978958177964413,38797.0,106277.0,2.739309740443849
Australia,Oceania,26439111,1.0,261698,3,7682300,139991,1.6,38.0,86.0,0.33,1.6217187255347976,8177167.0,26439111.0,3.233284950643664
Austria,Europe,8958960,0.22,19343,109,82409,19999,1.5,43.0,59.0,0.11,0.35160371322345996,6936440.0,8958960.0,1.2915789655788847
Azerbaijan,Asia,10412651,0.53,54577,126,82658,0,1.7,32.0,57.0,0.13,1.6503842585017905,3158966.0,10412651.0,3.2962212951959597
Bahamas,Latin America,412623,0.64,2639,41,10010,1000,1.4,33.0,85.0,0.01,2.2523276713957525,81644.0,412623.0,5.053929253833717
Bahrain,Asia,1485509,0.9,13276,1955,760,0,1.8,34.0,58.28888888888889,0.02,3.554323365317257,117149.0,1485509.0,12.680509436700271
Bangladesh,Asia,172954319,1.03,1767947,1329,130170,-309977,1.9,27.0,41.0,2.15,2.0375316758995408,39728535.0,172954319.0,4.3534028878739175
Barbados,Latin America,281995,0.13,360,656,430,-80,1.6,40.0,32.0,0.0,0.4016895798134946,210548.0,281995.0,1.33933829815529
Belarus,Europe,9498238,-0.39,-36716,47,202910,-4282,1.5,41.0,80.0,0.12,0.2531007308385256,7906860.0,9498238.0,1.2012654833903724
Belgium,Europe,11686140,0.26,30210,386,30280,23999,1.6,41.0,99.0,0.15,0.41836980687422043,8617344.0,11686140.0,1.356118544182523
Belize,Latin America,410825,1.37,5553,18,22810,600,2.0,26.0,48.0,0.01,2.473180920662422,69116.0,410825.0,5.943992707911337
Benin,Africa,13712828,2.7,359964,122,112760,-200,4.8,18.0,48.0,0.17,2.5006316868574476,2264452.0,13712828.0,6.055693827910682
Bermuda,North America,64069,-0.18,-115,1281,50,0,1.4,46.0,94.0,0.0,0.7520214008830448,37142.0,64069.0,1.7249744224866728
Bhutan,Asia,787424,0.64,4969,21,38117,300,1.4,29.0,49.0,0.01,2.080746961721508,176367.0,787424.0,4.464690106425805
Bolivia,Latin America,12388571,1.35,164461,11,1083300,-3000,2.5,24.0,69.0,0.15,1.9208650416081299,3089843.0,12388571.0,4.009449994708469
Bosnia and Herzegovina,Europe,3210847,-0.7,-22679,63,51000,-500,1.3,42.0,54.0,0.04,0.2587317094546597,2692907.0,3210847.0,1.1923349005368549
Botswana,Africa,2675352,1.71,45056,5,566730,3000,2.7,24.0,69.0,0.03,2.597497550480296,413481.0,2675352.0,6.47031423451138
Brazil,Latin America,216422446,0.52,1108948,26,8358140,6000,1.6,34.0,88.0,2.69,2.4895650428401965,37189369.0,223804632.0,6.017973362226178
British Virgin Islands,Latin America,31538,0.74,233,210,150,200,1.0,39.0,53.0,0.0,2.021522185812454,7358.0,31538.0,4.286219081272085
Brunei,Asia,452524,0.78,3522,86,5270,0,1.7,33.0,80.0,0.01,3.1253720525600706,48269.0,452524.0,9.375044024114857
Bulgaria,Europe,6687717,-1.39,-94236,62,108560,-4800,1.6,45.0,78.0,0.08,-0.09001549603279621,7157632.0,6687717.0,0.9343477004685349
Burkina Faso,Africa,23251485,2.55,577723,85,273600,-24998,4.6,17.0,32.0,0.29,2.369461731617516,4213757.0,23251485.0,5.517993799832311
Burundi,Africa,13238559,2.71,348983,516,25680,2000,4.9,16.0,15.0,0.16,2.4627704437037807,2254113.0,13238559.0,5.873068031638166
Cambodia,Asia,16944826,1.06,176984,96,176520,-29998,2.3,27.0,26.0,0.21,1.8854223217936021,4380380.0,16944826.0,3.8683461252220126
Cameroon,Africa,28647293,2.63,732757,61,472710,-4800,4.3,18.0,58.0,0.36,2.627784252707796,4315816.0,28647293.0,6.637746604581845
Canada,North America,38781291,0.85,326964,4,9093510,249746,1.5,41.0,81.0,0.48,1.4329795292096978,13743069.0,38781291.0,2.8218799600002007
Cape Verde,Africa,598682,0.93,5533,149,4030,-1227,1.9,27.0,67.0,0.01,1.6247232890846175,184999.0,598682.0,3.2361364115481703
Caribbean Netherlands,Latin America,27148,0.45,122,83,328,100,1.6,40.0,74.0,0.0,1.8821303474511777,6989.0,27148.0,3.884389755329804
Cayman Islands,Latin America,69310,0.88,604,289,240,400,1.2,38.0,95.0,0.0,3.2171474280940497,6912.0,69310.0,10.027488425925926
Central African Republic,Africa,5742315,2.92,163171,9,622980,-14716,5.8,15.0,40.0,0.07,1.9185098364481472,1436591.0,5742315.0,3.9971815220894467
Chad,Africa,18278568,3.13,555253,15,1259200,-2000,6.1,15.0,24.0,0.23,2.7608264846203685,2512688.0,18278568.0,7.274507618932394
Chile,Latin America,19629590,0.13,25857,26,743532,-71205,1.5,36.0,85.0,0.24,1.5001839118792257,6623645.0,19629590.0,2.9635631136632474
China,Asia,1425671352,-0.02,-215985,152,9388211,-310220,1.2,39.0,65.0,17.72,1.3317026770558071,543979233.0,1425671352.0,2.6208194458776335
Colombia,Latin America,52085168,0.41,211144,47,1109500,-175051,1.7,32.0,81.0,0.65,2.06068904738135,11769748.0,52085168.0,4.425342666639931
Comoros,Africa,852075,1.83,15301,458,1861,-2000,3.8,20.0,33.0,0.01,2.3026623425470776,161814.0,852075.0,5.2657681041195445
Congo,Africa,6106869,2.29,136445,18,341500,-1000,4.0,18.0,70.0,0.08,2.7641027746908593,835132.0,6106869.0,7.31245958722693
Cook Islands,Oceania,17044,0.19,33,71,240,-93,2.2,33.0,79.0,0.0,0.22030891557983542,14683.0,17044.0,1.1607982020023155
Costa Rica,Latin America,5212173,0.6,31344,102,51060,3750,1.5,34.0,82.0,0.06,2.365661481754717,948487.0,5212173.0,5.495249803107475
Côte d'Ivoire,Africa,28873034,2.53,712492,91,318000,6000,4.3,18.0,52.0,0.36,3.282765455336891,2736909.0,28873034.0,10.54950456884025
Croatia,Europe,4008617,-0.54,-21741,72,55960,-2000,1.4,44.0,59.0,0.05,0.052228360733357355,3864691.0,4008617.0,1.0372412697418758
Cuba,Latin America,11194449,-0.16,-17742,105,106440,-6000,1.5,41.0,80.0,0.14,0.8782938837240878,5926645.0,11194449.0,1.888834070540753
Curaçao,Latin America,192077,0.48,914,433,444,515,1.6,36.0,77.0,0.0,0.907978822415406,100067.0,192077.0,1.9194839457563433
Cyprus,Asia,1260138,0.69,8650,136,9240,5000,1.3,39.0,65.0,0.02,1.2927234096686462,493956.0,1260138.0,2.55111386439278
Czech Republic (Czechia),Europe,10495295,0.01,1309,136,77240,22011,1.7,43.0,75.0,0.13,0.22393079966505713,8916634.0,10495295.0,1.1770467420777841
Democratic Republic of the Congo,Africa,5910913,0.49,28652,139,42430,19999,1.7,41.0,88.0,0.07,2.9455880616279453,12295745.0,102262808.0,8.3169265465411
Denmark,Europe,1136455,1.39,15606,49,23180,900,2.7,24.0,72.0,0.01,0.44745171912226495,4267694.0,5910913.0,1.3850367434966049
Djibouti,Africa,73040,0.42,303,97,750,-40,1.6,32.0,75.0,0.0,4.091684781999264,62334.0,1136455.0,18.231703404241667
Dominica,Latin America,11332972,0.93,104151,235,48320,-29099,2.2,28.0,85.0,0.14,0.51909908581183,50188.0,73040.0,1.4553279668446641
Dominican Republic,Latin America,102262808,3.29,3252596,45,2267050,-14999,6.1,16.0,46.0,1.27,2.162885961414721,2381740.0,11332972.0,4.758274202893682
Ecuador,Latin America,18190484,1.05,189484,73,248360,-21525,2.0,28.0,64.0,0.23,2.277502651390411,3518733.0,18190484.0,5.169611902920739
Egypt,Africa,112716598,1.56,1726495,113,995450,-29998,2.8,24.0,41.0,1.4,2.3190098488285673,21150058.0,112716598.0,5.329375361523831
El Salvador,Latin America,6364943,0.45,28551,307,20720,-23249,1.8,27.0,78.0,0.08,1.4817215746101426,2182409.0,6364943.0,2.9164757843282354
Equatorial Guinea,Africa,1714671,2.37,39763,61,28050,4000,4.1,21.0,67.0,0.02,2.8361182258035025,226381.0,1714671.0,7.574270808945981
Eritrea,Africa,3748901,1.76,64869,37,101000,-15297,3.7,19.0,67.0,0.05,2.11131059653328,822576.0,3748901.0,4.557513226741359
Estonia,Europe,1322765,-0.25,-3297,31,42390,-1000,1.7,42.0,68.0,0.02,0.2538098252869234,1102078.0,1322765.0,1.200246262061306
Eswatini,Africa,1210822,0.76,9152,70,17200,-5268,2.8,22.0,31.0,0.02,2.0754092258043535,271642.0,1210822.0,4.457418219568402
Ethiopia,Africa,126527060,2.55,3147136,127,1000000,-11999,4.0,19.0,22.0,1.57,2.7319114489932077,17709951.0,126527060.0,7.144404860295774
Falkland Islands,Latin America,53270,0.34,180,38,1396,0,2.7,38.0,41.0,0.0,0.7602915278831334,2191.0,3791.0,1.730260155180283
Faroe Islands,Europe,3791,0.29,11,0,12170,0,1.6,40.0,62.0,0.0,0.7186371225656631,31655.0,53270.0,1.6828305165060813
Fiji,Oceania,936375,0.71,6609,51,18270,-3289,2.4,27.0,59.0,0.01,1.5387347016323873,308308.0,936375.0,3.037141429998573
Finland,Europe,5545475,0.09,4730,18,303890,13999,1.4,43.0,87.0,0.07,0.4460852445809593,4008289.0,5545475.0,1.3835017884189489
France,Europe,64756584,0.2,129956,118,547557,67761,1.8,42.0,84.0,0.8,0.6003954913584933,41842355.0,64756584.0,1.5476323930620062
French Guiana,Latin America,312155,2.49,7598,4,82200,1200,3.4,24.0,90.0,0.0,3.619244794150109,23398.0,312155.0,13.341097529703394
French Polynesia,Oceania,308872,0.85,2593,84,3660,-100,1.7,34.0,59.0,0.0,2.1732932605159156,64535.0,308872.0,4.786116061052142
Gabon,Africa,2436566,1.99,47574,9,257670,1000,3.4,22.0,85.0,0.03,2.274292411213072,472905.0,2436566.0,5.152337150167582
Gambia,Africa,2773168,2.48,67176,274,10120,-3000,4.5,17.0,58.0,0.03,3.0626490047229535,306781.0,2773168.0,9.039568943317871
Georgia,Asia,3728282,-0.43,-16103,54,69490,-9999,2.1,37.0,63.0,0.05,0.08901364178562034,3517264.0,3728282.0,1.0599949278757579
Germany,Europe,83294633,-0.09,-75210,239,348560,155751,1.5,45.0,77.0,1.04,0.220135985084582,70964095.0,83294633.0,1.1737574191568285
Ghana,Africa,34121985,1.93,646115,150,227540,-9999,3.5,21.0,57.0,0.42,2.6446204298328504,5077596.0,34121985.0,6.720106325906984
Gibraltar,Europe,32688,0.12,39,3269,10,-24,1.8,42.0,71.56818181818181,0.0,0.5859248108540049,21402.0,32688.0,1.5273338940285954
Greece,Europe,10341277,-0.42,-43694,80,128900,5000,1.4,45.0,86.0,0.13,0.4121505648684041,7669099.0,10341277.0,1.3484344119172278
Greenland,North America,56643,0.31,177,0,410450,-100,1.9,35.0,89.0,0.0,1.2457098221279963,23119.0,56643.0,2.4500627189757345
Grenada,Latin America,126183,0.59,745,371,340,-200,2.0,32.0,32.0,0.0,0.6816382924157821,77020.0,126183.0,1.638314723448455
Guadeloupe,Latin America,395839,0.02,87,234,1690,-800,2.0,42.0,63.888888888888886,0.0,0.8435695998091184,215261.0,395839.0,1.8388793139491129
Guam,Oceania,172952,0.69,1178,320,540,-500,2.5,30.0,95.0,0.0,1.4413710817689527,60991.0,172952.0,2.835697070059517
Guatemala,Latin America,18092026,1.39,248118,169,107160,-9110,2.3,23.0,55.0,0.22,2.446950292506189,3099869.0,18092026.0,5.836384053648719
Guinea,Africa,14190612,2.39,331271,58,245720,-4000,4.2,18.0,40.0,0.18,2.1605901506430185,2983557.0,14190612.0,4.756273133042204
Guinea-Bissau,Africa,2150842,2.15,45276,76,28120,-1400,3.8,19.0,45.0,0.03,1.912997370573074,543413.0,2150842.0,3.9580245595891155
Guyana,Latin America,813834,0.63,5108,4,196850,-3900,2.3,26.0,27.0,0.01,0.9256784551475918,417719.0,813834.0,1.9482810214522204
Haiti,Latin America,11724763,1.21,139767,425,27560,-31811,2.7,23.0,60.0,0.15,1.7746196391097497,3247231.0,11724763.0,3.6106956973495263
Holy See,Europe,518,1.57,8,1295,0,0,1.4500000000000002,47.0,71.56818181818181,0.0,-0.7162310156568998,880.0,518.0,0.5886363636363636
Honduras,Latin America,10593798,1.54,160938,95,111890,-5034,2.3,24.0,58.0,0.13,2.6618119451790188,1557932.0,10593798.0,6.7999103940351695
Hong Kong,Asia,7491609,0.04,2744,7135,1050,19999,0.8,46.0,58.28888888888889,0.09,1.8483205867033001,1980524.0,7491609.0,3.782639846828415
Hungary,Europe,10156239,1.9,188931,112,90530,-156677,1.6,42.0,68.0,0.13,0.11660374792383063,9337714.0,10156239.0,1.0876579642512074
Iceland,Europe,375318,0.65,2419,4,100250,380,1.7,36.0,88.0,0.0,1.3357971553689767,142650.0,375318.0,2.6310410094637224
India,Asia,1428627663,0.81,11454490,481,2973190,-486136,2.0,28.0,36.0,17.76,1.918755775736049,357021100.0,1428627663.0,4.001521655162678
Indonesia,Asia,277534122,0.74,2032783,153,1811570,-49997,2.1,30.0,59.0,3.45,1.915497134536854,69567619.0,277534122.0,3.9894152766677267
Iran,Asia,89172767,0.7,622197,55,1628550,-39998,1.7,33.0,74.0,1.11,2.3151629885815104,16832834.0,89172767.0,5.2975492421537576
Iraq,Asia,45504560,2.27,1008438,105,434320,-6000,3.4,20.0,71.0,0.57,2.901138973889884,5656471.0,45504560.0,8.044690762137735
Ireland,Europe,5056935,0.67,33826,73,68890,9999,1.8,38.0,64.0,0.06,0.7643994748570339,2906599.0,5056935.0,1.739811718093896
Isle of Man,Europe,84710,0.23,191,149,570,340,1.6,46.0,55.0,0.0,0.6026702827302138,54813.0,84710.0,1.545436301607283
Israel,Asia,9174520,1.51,136211,424,21640,9999,2.9,29.0,92.0,0.11,2.734930234570893,1284157.0,9174520.0,7.1443912231915565
Italy,Europe,58870762,-0.28,-166712,200,294140,58496,1.3,48.0,72.0,0.73,0.32750325400062313,46391938.0,58870762.0,1.2689869088892125
Jamaica,Latin America,2825544,-0.06,-1833,261,10830,-10999,1.3,32.0,59.0,0.04,0.9606534444043061,1407470.0,2825544.0,2.0075340859840707
Japan,Asia,123294513,-0.53,-657179,338,364555,99994,1.3,49.0,94.0,1.53,0.5228931152147822,84353049.0,123294513.0,1.461648564712818
Jordan,Asia,11337052,0.45,51183,128,88780,-157392,2.7,24.0,85.0,0.14,4.579073544167904,438386.0,11337052.0,25.860889718193555
Kazakhstan,Asia,19606633,1.08,208635,7,2699700,0,3.0,30.0,57.0,0.24,1.5002836280402014,6655675.0,19606633.0,2.9458519233586378
Kenya,Africa,55100586,1.99,1073099,97,569140,-10000,3.2,20.0,31.0,0.68,3.140160309024848,5774050.0,55100586.0,9.54279682371992
Kiribati,Oceania,133515,1.74,2283,165,810,-400,3.2,22.0,56.0,0.0,1.7443937681409436,37846.0,133515.0,3.527849706706125
Kuwait,Asia,4310108,0.97,41235,242,17820,11999,2.1,40.0,58.28888888888889,0.05,4.854580035731625,153738.0,4310108.0,28.035410893858383
Kyrgyzstan,Asia,6735347,1.58,104724,35,191800,-9999,2.9,24.0,37.0,0.08,1.86485889339875,1751225.0,6735347.0,3.8460774600636696
Laos,Asia,7633779,1.39,104304,33,230800,-9999,2.4,24.0,37.0,0.09,2.0926145248820447,1684674.0,7633779.0,4.531309321566072
Latvia,Europe,1830211,-1.1,-20440,29,62200,-7630,1.6,44.0,69.0,0.02,-0.06199117964350795,1922525.0,1830211.0,0.9519829391035227
Lebanon,Asia,5353930,-2.47,-135809,523,10230,-177331,2.1,29.0,97.0,0.07,1.957177029298576,1349588.0,5353930.0,3.967084769574122
Lesotho,Africa,2330318,1.06,24493,77,30360,-4000,2.9,22.0,31.0,0.03,1.931460350479691,579470.0,2330318.0,4.021464441644952
Liberia,Africa,5418377,2.18,115696,56,96320,-5000,4.0,18.0,54.0,0.07,2.5078005704087,915894.0,5418377.0,5.915943329686623
Libya,Africa,6888388,1.12,76047,4,1759540,-2000,2.4,27.0,82.0,0.09,2.5207938825926592,1130677.0,6888388.0,6.092268614290377
Liechtenstein,Europe,39584,0.65,257,247,160,150,1.5,44.0,15.0,0.0,1.459130309673363,13765.0,39584.0,2.8756992371957866
Lithuania,Europe,2718352,-1.15,-31703,43,62674,-13128,1.6,44.0,71.0,0.03,0.08503806374152825,2564798.0,2718352.0,1.059869822106848
Luxembourg,Europe,654768,1.11,7169,253,2590,4883,1.4,39.0,88.0,0.01,1.0926704128606852,296584.0,654768.0,2.2076983249264965
Macao,Asia,704149,1.29,8981,23472,30,5000,1.1,39.0,97.0,0.01,1.77623927043801,196838.0,704149.0,3.5773021469431714
Madagascar,Africa,30325732,2.41,714018,52,581795,-1500,3.7,19.0,40.0,0.38,2.8303822944496235,3953896.0,30325732.0,7.669835524252535
Malawi,Africa,20931751,2.58,526434,222,94280,-6000,3.8,17.0,19.0,0.26,2.7250088625100406,2949739.0,20931751.0,7.096136641241818
Malaysia,Asia,34308525,1.09,370304,104,328550,48997,1.8,31.0,78.0,0.43,2.425153030781452,5972876.0,34308525.0,5.744054455508536
Maldives,Asia,521021,-0.53,-2766,1737,300,-8652,1.7,32.0,39.0,0.01,2.7040956915972294,74484.0,521021.0,6.9950727673057305
Mali,Africa,23293698,3.1,700108,19,1220190,-39998,5.8,15.0,44.0,0.29,2.2211794718562174,4694916.0,23293698.0,4.9614727931234555
Malta,Europe,535064,0.33,1778,1672,320,850,1.2,40.0,78.0,0.01,0.8375502858951892,291873.0,535064.0,1.8332082789432391
Marshall Islands,Oceania,41996,1.03,427,233,180,0,2.6,26.0,50.47368421052632,0.0,1.6383753838219166,13066.0,41996.0,3.214143578754018
Martinique,Latin America,366981,-0.14,-526,346,1060,-650,1.9,47.0,94.0,0.0,0.6369630139843983,231994.0,366981.0,1.5818555652301352
Mauritania,Africa,4862989,2.68,126850,5,1030700,3000,4.3,18.0,61.0,0.06,2.777343338360665,658555.0,4862989.0,7.38433236403945
Mauritius,Africa,1300557,0.08,1088,641,2030,0,1.4,37.0,40.0,0.02,1.252532379890599,525443.0,1300557.0,2.475162862575008
Mayotte,Africa,335995,3.03,9894,896,375,0,4.3,17.0,40.0,0.0,3.9107158398361044,20544.0,335995.0,16.35489680685358
Mexico,Latin America,128455567,0.75,951442,66,1943950,-50239,1.8,30.0,88.0,1.6,2.1322867984646336,27600133.0,128455567.0,4.654164782466809
Micronesia,Oceania,544321,0.98,5308,778,700,-1642,2.7,26.0,71.0,0.01,1.6835299705520828,161656.0,544321.0,3.367156183500767
Moldova,Europe,3435931,4.98,162935,105,32850,-125204,1.8,35.0,50.0,0.04,0.5263473951430476,2370311.0,3435931.0,1.449569697816025
Monaco,Europe,36297,-0.47,-172,24360,1,200,2.1,54.0,71.56818181818181,0.0,0.8415484290012003,19729.0,36297.0,1.839779005524862
Mongolia,Asia,3447157,1.44,48791,2,1553560,-850,2.7,27.0,67.0,0.04,2.0569489865779342,781260.0,3447157.0,4.412304482502624
Montenegro,Europe,626485,-0.1,-597,47,13450,-480,1.7,39.0,69.0,0.01,0.6107046224733274,402260.0,626485.0,1.5574131158951923
Montserrat,Latin America,4386,-0.09,-4,44,100,0,1.6,44.0,11.0,0.0,-1.4280084892891785,12989.0,4386.0,0.3376703364385249
Morocco,Africa,37840044,1.02,382073,85,446300,-39998,2.3,29.0,66.0,0.47,1.9973011505213993,8946209.0,37840044.0,4.229729486534464
Mozambique,Africa,33897354,2.81,927836,43,786380,-5000,4.5,17.0,40.0,0.42,2.4224404960893904,5920215.0,33897354.0,5.725696448524252
Myanmar,Asia,54577997,0.74,398691,84,653290,-34998,2.1,30.0,33.0,0.68,1.5538132288917437,17731818.0,54577997.0,3.0779696137192474
Namibia,Africa,2604172,1.45,37160,3,823290,-3916,3.2,21.0,60.0,0.03,2.250420325088914,514774.0,2604172.0,5.058864666824665
Nauru,Oceania,12780,0.88,112,639,20,-140,3.4,20.0,88.0,0.0,1.8602986650366693,3354.0,12780.0,3.810375670840787
Nepal,Asia,30896590,1.14,349010,216,143350,-62012,2.0,24.0,22.0,0.38,1.8024088830211993,8398945.0,30896590.0,3.6786274942864847
Netherlands,Europe,17618299,0.31,54285,522,33720,29998,1.6,42.0,92.0,0.22,0.7665902802285662,10093554.0,17618299.0,1.7455000488430537
New Caledonia,Oceania,292991,1.05,3041,16,18280,500,2.0,34.0,74.0,0.0,2.113878300313453,63860.0,292991.0,4.588020670216098
New Zealand,Oceania,5228100,0.83,42812,20,263310,12999,1.8,37.0,82.0,0.06,1.389855533137939,1911608.0,5228100.0,2.7349226410435614
Nicaragua,Latin America,7046310,1.41,97918,59,120340,-8000,2.3,25.0,56.0,0.09,2.3125536896379004,1330442.0,7046310.0,5.296217347317659
Niger,Africa,27202843,3.8,994866,21,1266700,1000,6.7,15.0,17.0,0.34,3.286005916256199,2569191.0,27202843.0,10.588096797785763
Nigeria,Africa,223804632,2.41,5263420,246,910770,-59996,5.1,17.0,54.0,2.78,2.4895650428401965,37189369.0,223804632.0,6.017973362226178
Niue,Oceania,1935,0.05,1,7,260,0,2.4,36.0,41.0,0.0,-1.122523192205291,4485.0,1935.0,0.431438127090301
North Korea,Asia,26160821,0.35,91405,217,120410,-2000,1.8,36.0,63.0,0.33,1.188226280345227,11103379.0,26160821.0,2.3561134858136428
North Macedonia,Europe,2085679,-0.38,-7920,83,25220,-1000,1.4,39.0,60.0,0.03,0.7048439371429209,1251433.0,2085679.0,1.6666325724189788
Northern Mariana Islands,Oceania,49796,0.49,245,108,460,-50,2.1,38.0,50.47368421052632,0.0,2.844500020980043,7063.0,49796.0,7.050261928359054
Norway,Europe,5474360,0.74,40041,15,365268,27998,1.5,40.0,86.0,0.07,0.7039075850816338,3281416.0,5474360.0,1.668291981266624
Oman,Asia,4644384,1.49,68086,15,309500,0,2.5,29.0,58.28888888888889,0.06,3.252061849373761,457317.0,4644384.0,10.155721304915408
Pakistan,Asia,240485658,1.98,4660796,312,770880,-165988,3.3,21.0,35.0,2.99,2.5735203565717377,37696264.0,240485658.0,6.37956212318547
Palau,Oceania,18058,0.02,3,39,460,-20,2.3,36.0,50.47368421052632,0.0,1.235023613468294,7430.0,18058.0,2.4304172274562585
Panama,Latin America,4468087,1.35,59506,60,74340,7262,2.3,29.0,70.0,0.06,2.282276815792139,861079.0,4468087.0,5.188939690783308
Papua New Guinea,Oceania,10329931,1.85,187312,23,452860,-800,3.1,22.0,12.0,0.13,2.6403171385429793,1542854.0,10329931.0,6.695339286802251
Paraguay,Latin America,6861524,1.19,80780,17,397300,-12499,2.4,26.0,67.0,0.09,2.1019172811228093,1504810.0,6861524.0,4.559727806168221
Peru,Latin America,34352719,0.89,303131,27,1280000,-61442,2.1,29.0,79.0,0.43,2.0763188045030643,7678967.0,34352719.0,4.473612010573818
Philippines,Asia,117337368,1.54,1778359,394,298170,-69996,2.7,25.0,47.0,1.46,2.5684847514889264,18469878.0,117337368.0,6.352904334289593
Poland,Europe,41026067,2.93,1168922,134,306230,-910475,1.5,40.0,55.0,0.51,0.695703341006065,24786236.0,41026067.0,1.6551955286797075
Portugal,Europe,10247605,-0.23,-23260,112,91590,9999,1.4,46.0,67.0,0.13,0.2713154517675164,8416952.0,10247605.0,1.2174959534045102
Puerto Rico,Latin America,3260314,0.24,7907,368,8870,19835,1.3,44.0,63.888888888888886,0.04,0.5264894421771636,2229742.0,3260314.0,1.4621933838085304
Qatar,Asia,2716391,0.79,21269,234,11610,0,1.8,34.0,58.28888888888889,0.03,6.768354368250082,24288.0,2716391.0,111.84086791831358
Réunion,Africa,981796,0.8,7744,393,2500,-630,2.2,34.0,93.0,0.01,1.9004352666469901,249299.0,981796.0,3.938226787913309
Romania,Europe,19892812,1.19,233545,86,230170,-254616,1.7,41.0,53.0,0.25,0.26834011433368765,16392971.0,19892812.0,1.213496443079171
Russia,Europe,144444359,-0.19,-268955,9,16376870,-136414,1.5,39.0,75.0,1.8,0.47175131223196665,102580107.0,144444359.0,1.4081127737564165
Rwanda,Africa,14094683,2.31,317985,571,24670,-8999,3.7,19.0,18.0,0.18,2.6787693289793877,2154218.0,14094683.0,6.54283039135315
Saint Barthelemy,North America,10994,0.25,27,524,21,0,1.0,40.0,0.0,0.0,2.3718498912518178,2007.0,10994.0,5.477827603388142
Saint Helena,Africa,5314,-1.12,-60,14,390,0,1.6,53.0,32.0,0.0,0.027641514060734413,5224.0,5314.0,1.0172281776416539
Saint Kitts & Nevis,Latin America,47755,0.21,98,184,260,20,1.5,35.0,38.0,0.0,0.022462186972578794,47254.0,47755.0,1.0106022770559107
Saint Lucia,Latin America,180251,0.22,394,295,610,0,1.4,34.0,19.0,0.0,1.008935961619915,86695.0,180251.0,2.0791395120825884
Saint Martin,Latin America,32077,0.9,286,605,53,0,2.4,39.0,0.0,0.0,3.4219982490992296,2978.0,32077.0,10.771323035594358
Saint Pierre & Miquelon,North America,5840,-0.38,-22,25,230,0,1.6,44.0,69.4,0.0,0.3685510417740863,4473.0,5840.0,1.305611446456517
Samoa,Oceania,225681,1.48,3299,80,2830,-1500,3.8,21.0,16.0,0.0,1.3029708034469047,87951.0,225681.0,2.5659856056213117
San Marino,Europe,33642,-0.05,-18,561,60,100,1.1,47.0,99.0,0.0,1.3181767653920204,12963.0,33642.0,2.595232585049757
Sao Tome & Principe,Africa,231856,1.97,4476,242,960,-600,3.7,19.0,77.0,0.0,1.8478309057883657,60975.0,231856.0,3.8024764247642477
Saudi Arabia,Asia,36947025,1.48,538205,17,2149690,28998,2.4,31.0,83.0,0.46,3.4646862456959098,3089693.0,36947025.0,11.958154094921404
Senegal,Africa,17763163,2.58,446714,92,192530,-19999,4.3,18.0,52.0,0.22,2.7248589358326605,2496065.0,17763163.0,7.116466518299804
Serbia,Europe,7149077,-1.0,-72288,82,87460,-9999,1.5,43.0,69.0,0.09,0.2380342016938106,6017683.0,7149077.0,1.188011565248618
Seychelles,Africa,107660,0.51,542,234,460,-200,2.3,33.0,53.0,0.0,1.4344163619347723,38106.0,107660.0,2.8252768592872513
Sierra Leone,Africa,8791092,2.15,185374,122,72180,-4000,3.8,19.0,43.0,0.11,2.0538265930161224,2000790.0,8791092.0,4.3938104448742745
Singapore,Asia,6014723,0.65,39034,8592,700,26998,1.0,43.0,58.28888888888889,0.07,2.4860438867400925,1006701.0,6014723.0,5.974686624926369
Sint Maarten,Latin America,44222,0.11,47,1301,34,0,1.6,48.0,97.0,0.0,4.845747666332539,1458.0,44222.0,30.330589849108367
Slovakia,Europe,5795199,2.69,151746,121,48088,-112067,1.6,40.0,51.0,0.07,0.7092921391811537,3465617.0,5795199.0,1.6721983415940076
Slovenia,Europe,2119675,-0.01,-169,105,20140,2000,1.6,44.0,55.0,0.03,0.5269117989843027,1445033.0,2119675.0,1.4668696147423623
Solomon Islands,Oceania,740424,2.23,16151,26,27990,-1600,3.9,19.0,24.0,0.01,2.7097803949288894,105209.0,740424.0,7.037648870343792
Somalia,Africa,18143378,3.1,545867,29,627340,-30000,6.1,15.0,46.0,0.23,2.9467939626564603,2213052.0,18143378.0,8.198351416957216
South Africa,Africa,60414495,0.87,520610,50,1213090,58496,2.3,28.0,69.0,0.75,2.125792297344156,13043844.0,60414495.0,4.631648078587876
South Korea,Asia,51784059,-0.06,-31751,533,97230,29998,0.9,44.0,82.0,0.64,1.3088450838518328,20104010.0,51784059.0,2.575807463287175
South Sudan,Africa,11088796,1.61,175632,18,610952,-23291,4.3,17.0,28.0,0.14,2.08075451869455,2492077.0,11088796.0,4.44962013613544
Spain,Europe,47519628,-0.08,-39002,95,498800,39998,1.3,45.0,80.0,0.59,0.72491195393751,28069694.0,47519628.0,1.6929157831218253
Sri Lanka,Asia,21893579,0.28,61436,349,62710,-77495,2.0,33.0,19.0,0.27,1.4004753236589402,7945977.0,21893579.0,2.7553035957692806
St. Vincent & Grenadines,Latin America,103698,-0.24,-250,266,390,-200,1.8,33.0,58.0,0.0,0.7244012524780765,61538.0,103698.0,1.6851051382885371
State of Palestine,Asia,5371230,2.31,121158,892,6020,-5000,3.4,20.0,83.0,0.07,2.417353551201572,944807.0,5371230.0,5.685002333809974
Sudan,Africa,48109006,2.63,1234802,27,1765048,-9999,4.3,19.0,35.0,0.6,2.851042611375936,6191323.0,48109006.0,7.770391885546918
Suriname,Latin America,623236,0.84,5196,4,156000,-1000,2.3,28.0,63.0,0.01,1.6074180959822952,195765.0,623236.0,3.183592572727505
Sweden,Europe,10612086,0.59,62739,26,410340,39998,1.7,40.0,86.0,0.13,0.5690747717472776,7014610.0,10612086.0,1.5128547417461555
Switzerland,Europe,8796669,0.64,56197,223,39516,39998,1.5,42.0,75.0,0.11,0.8657635830092755,4692639.0,8796669.0,1.8745675940552853
Syria,Asia,23227014,4.98,1101765,126,183630,757103,2.7,22.0,53.0,0.29,2.6279331331583395,3543537.0,23227014.0,6.554754190516425
Taiwan,Asia,23923276,0.13,29882,676,35410,23999,1.2,42.0,80.0,0.3,1.5870003843172678,7623130.0,23923276.0,3.138248462245823
Tajikistan,Asia,10143543,1.92,190756,72,139960,-19999,3.1,22.0,28.0,0.13,2.6312703792123533,1526140.0,10143543.0,6.646535049209116
Tanzania,Africa,67438106,2.96,1940358,76,885800,-39997,4.6,17.0,38.0,0.84,3.0303144463343514,7632399.0,67438106.0,8.835767888969118
Thailand,Asia,71801279,0.15,104249,141,510890,18999,1.3,40.0,52.0,0.89,1.7424546985609854,20411638.0,71801279.0,3.517663746535187
Timor-Leste,Asia,1360596,1.44,19300,91,14870,-5000,3.0,21.0,35.0,0.02,1.641320141732972,414791.0,1360596.0,3.280196532711655
Togo,Africa,9053799,2.32,205100,166,54390,-2000,4.1,19.0,44.0,0.11,2.5947079310272088,1398525.0,9053799.0,6.473819917412989
Tokelau,Oceania,1893,1.18,22,189,10,0,2.6,27.0,0.0,0.0,0.2603138484802532,1599.0,1893.0,1.1838649155722327
Tonga,Oceania,107773,0.86,915,150,720,-800,3.2,22.0,24.0,0.0,1.0690842315658104,49830.0,107773.0,2.1628135661248242
Trinidad and Tobago,Latin America,1534937,0.25,3893,299,5130,-800,1.6,36.0,48.0,0.02,1.1897533278625256,648616.0,1534937.0,2.366480321176166
Tunisia,Africa,12458223,0.83,102106,80,155360,-4000,2.0,32.0,69.0,0.15,1.7152556277527105,3606288.0,12458223.0,3.454583494163528
Turkey,Asia,85816199,0.56,474958,112,769630,-318067,1.9,32.0,77.0,1.07,1.950338745313168,20977697.0,85816199.0,4.090830323271425
Turkmenistan,Asia,6516100,1.33,85330,14,469930,-4000,2.6,26.0,52.0,0.08,2.3307398348795925,1214096.0,6516100.0,5.367038520841844
Turks and Caicos,Latin America,46062,0.79,359,48,950,200,1.6,38.0,79.0,0.0,3.0948728158456635,5036.0,46062.0,9.146544876886418
Tuvalu,Oceania,11396,0.74,84,380,30,-60,3.1,25.0,69.0,0.0,1.217228815937953,4732.0,11396.0,2.408284023668639
U.S. Virgin Islands,Latin America,98750,-0.72,-715,282,350,-450,2.1,43.0,63.888888888888886,0.0,1.820423911513466,27070.0,98750.0,3.647949759881788
Uganda,Africa,48582334,2.82,1332749,243,199810,-126181,4.4,16.0,29.0,0.6,2.966812417115589,5750637.0,48582334.0,8.448165655387394
Ukraine,Europe,36744634,-7.45,-2957105,63,579320,1784718,1.3,45.0,82.0,0.46,-0.007876841007975905,37302996.0,36744634.0,0.9850317116619802
United Arab Emirates,Asia,9516871,0.8,75742,114,83600,0,1.4,34.0,94.0,0.12,6.970527420770231,74591.0,9516871.0,127.58738989958574
United Kingdom,Europe,67736802,0.34,227866,280,241930,165790,1.6,40.0,85.0,0.84,0.4155181054515029,50055065.0,67736802.0,1.3532457104990274
United States,North America,339996563,0.5,1706706,37,9147420,999700,1.7,38.0,83.0,4.23,1.1438100303520942,148281550.0,339996563.0,2.292912118871161
Uruguay,Latin America,3423108,0.01,314,20,175020,-1500,1.5,36.0,99.0,0.04,0.5869745442485477,2234144.0,3423108.0,1.5321787673489264
Uzbekistan,Asia,35163944,1.55,536292,83,425400,-19999,2.8,27.0,49.0,0.44,2.398231859407182,6247550.0,35163944.0,5.628437387455882
Vanuatu,Oceania,334506,2.38,7766,27,12190,0,3.7,20.0,24.0,0.0,2.594977341563111,51568.0,334506.0,6.486697176543593
Venezuela,Latin America,28838499,1.9,536803,33,882050,321106,2.2,28.0,63.888888888888886,0.36,2.30882539556766,5488614.0,28838499.0,5.2542406880862815
Vietnam,Asia,98858950,0.68,672094,319,310070,-82700,1.9,33.0,40.0,1.23,1.8976134609934046,25109200.0,98858950.0,3.9371604830102114
Wallis & Futuna,Oceania,11502,-0.6,-70,82,140,-119,1.9,37.0,0.0,0.0,0.4246525508255059,8535.0,11502.0,1.347627416520211
Western Sahara,Africa,587259,1.96,11273,2,266000,5600,2.2,32.0,95.0,0.01,5.458569062046475,12982.0,587259.0,45.23640425204129
Yemen,Asia,34449825,2.24,753211,65,527970,-29914,3.6,19.0,37.0,0.43,2.764893100165045,4712810.0,34449825.0,7.30982683367248
Zambia,Africa,20569737,2.76,552062,28,743390,-5000,4.2,17.0,46.0,0.26,3.03586247534483,2318448.0,20569737.0,8.872201144903832
Zimbabwe,Africa,16665409,2.11,344872,43,386850,-9999,3.4,18.0,37.0,0.21,2.484107179257385,2791326.0,16665409.0,5.970427316622995
